"","baseMean","log2FoldChange","lfcSE","pvalue","padj"
"NR1D1",210.183501220775,0.775891686171881,0.136969709416577,1.84183086850423e-09,4.18813921189178e-05
